<?xml version="1.0" encoding="UTF-8"?>
<!DOCTYPE mapper PUBLIC "-//mybatis.org//DTD Mapper 3.0//EN" "http://mybatis.org/dtd/mybatis-3-mapper.dtd">
<mapper namespace="com.ssafy.fin.mapper.BoardMapper">
	<insert id="insertBoard" parameterType="BoardDTO" keyProperty="bnum" keyColumn="BNUM" useGeneratedKeys="true">
		INSERT INTO BOARD_TB (BTITLE, BWRITER, BWRITE_DATE, IMAGE, BCONTENTS)
		VALUES(#{btitle},#{bwriter},now(),#{image},#{bcontents});
	</insert>
	<select resultType="int" id="totalCount">
		SELECT COUNT(*) FROM BOARD 
	</select>
	
	<select id="selectBoards" resultMap="brMap">
		SELECT * FROM BOARD_TB ORDER BY BNUM DESC LIMIT #{stRow},#{count} 
	</select>
	
	<select id="select" resultMap="brMap">
		SELECT * FROM BOARD_TB WHERE BNUM=#{bnum}
	</select>
	
	<update id="updateReadCount">
		UPDATE BOARD_TB SET READ_COUNT=READ_COUNT+1 
	</update>
	
	<resultMap type="BoardDTO" id="brMap">
		<result column="BNUM" property="bnum"/>
		<result column="BTITLE" property="btitle"/>
		<result column="BWRITER" property="bwriter"/>
		<result column="BWRITE_DATE" property="bwriteDate"/>
		<result column="READ_COUNT" property="readCount"/>
		<result column="IMAGE" property="image"/>
		<result column="BCONTENTS" property="bcontents"/>
	</resultMap>
</mapper>